title,price,disc_price
Red Dead Redemption 2,"899,00₴","296,00₴"
DARK SOULS™ III,"990,00₴","495,00₴"
Grand Theft Auto V,"838,00₴","314,00₴"
Grand Theft Auto V: Premium Edition,"838,00₴","314,00₴"
Dead by Daylight,"299,00₴","149,00₴"
DARK SOULS III Deluxe Edition,"1 399,00₴","699,00₴"
STAR WARS Jedi: Survivor™,"1 699,00₴","1 189,00₴"
Need for Speed™ Heat,"1 999,00₴","199,00₴"
DARK SOULS™: REMASTERED,"799,00₴","399,00₴"
Titanfall® 2,"799,00₴","79,00₴"
Sid Meier’s Civilization® VI,"525,00₴","52,00₴"
Divinity: Original Sin 2 - Definitive Edition,"529,00₴","211,00₴"
Assassin's Creed Valhalla,"915,00₴","228,00₴"
Void Crew,"449,00₴","359,00₴"
DARK SOULS™ II: Scholar of the First Sin,"1 199,00₴","599,00₴"
DJMAX RESPECT V,"1 050,00₴","210,00₴"
Dying Light 2 Stay Human,"899,00₴","449,00₴"
Sniper Elite 5,"579,00₴","173,00₴"
HITMAN 3,"1 315,00₴","657,00₴"
Sid Meier’s Civilization® VI Anthology,"3 508,00₴","544,00₴"
Demonologist,"369,00₴","221,00₴"
Atomic Heart,"1 499,00₴","989,00₴"
Sniper Elite 4,"699,00₴","69,00₴"
ONE PIECE: PIRATE WARRIORS 4,"999,00₴","149,00₴"
STAR WARS™ Jedi Bundle,None,None
Aliens: Dark Descent,"849,00₴","636,00₴"
Insurgency: Sandstorm,"649,00₴","214,00₴"
Sifu,"569,00₴","341,00₴"
F1® 23,"2 299,00₴","1 379,00₴"
A Plague Tale: Requiem,"999,00₴","499,00₴"
Battlefield™ 2042,"1 499,00₴","449,00₴"
Escape Simulator,"325,00₴","217,00₴"
Ultimate Chicken Horse,"250,00₴","112,00₴"
ACE COMBAT™ 7: SKIES UNKNOWN,"999,00₴","150,00₴"
Kingdom Come: Deliverance,"379,00₴","94,00₴"
Ravenswatch,"415,00₴","332,00₴"
Divinity: Original Sin - The Source Saga,"1 008,00₴","248,00₴"
Outlast 2,"600,00₴","90,00₴"
Generation Zero®,"335,00₴","67,00₴"
WWE 2K23,"1 499,00₴","749,00₴"
Outlast,"415,00₴","62,00₴"
Need for Speed™ Unbound,"1 699,00₴","509,00₴"
Rubber Bandits,"185,00₴","37,00₴"
Slay the Spire,"329,00₴","111,00₴"
Outlast Trinity,"1 221,00₴","146,00₴"
Grand Theft Auto V: Premium Edition & Whale Shark Card Bundle,"1 388,00₴","354,00₴"
Divinity: Original Sin - Enhanced Edition,"479,00₴","143,00₴"
Dokapon Kingdom: Connect,"925,00₴","786,00₴"
Hell Let Loose,"900,00₴","585,00₴"
South Park™: The Fractured But Whole™,"915,00₴","183,00₴"
SnowRunner - 3-Year Anniversary Edition,"878,00₴","558,00₴"
ANONYMOUS;CODE,"1 125,00₴","1 012,00₴"
Kingdom Come: Deliverance Royal Edition,"479,00₴","119,00₴"
Zombie Army 4: Dead War,"579,00₴","115,00₴"
"Warhammer 40,000: Boltgun","449,00₴","336,00₴"
Chants of Sennaar,"399,00₴","359,00₴"
Teenage Mutant Ninja Turtles: Shredder's Revenge,"515,00₴","360,00₴"
Hardspace: Shipbreaker,"599,00₴","299,00₴"
Bundle: South Park™ : The Stick of Truth™ + The Fractured but Whole™,None,None
Slime Rancher 2,"379,00₴","284,00₴"
Gang Beasts,"279,00₴","111,00₴"
Chained Echoes,"329,00₴","263,00₴"
DJMAX RESPECT V - MapleStory PACK,"421,00₴","357,00₴"
Melvor Idle,"225,00₴","112,00₴"
Totally Accurate Battle Simulator,"279,00₴","94,00₴"
DARK SOULS™ II,"540,00₴","270,00₴"
Among Us,"100,00₴","70,00₴"
Monster Sanctuary,"400,00₴","136,00₴"
PGA TOUR 2K23,"1 499,00₴","494,00₴"
ONE PIECE ODYSSEY,"999,00₴","599,00₴"
Atlas Fallen,"1 099,00₴","769,00₴"
My Time at Sandrock,"549,00₴","439,00₴"
SCUM,"886,00₴","443,00₴"
South Park™: The Stick of Truth™,"459,00₴","114,00₴"
Slime Rancher,"279,00₴","69,00₴"
Sid Meier's Civilization VI : Platinum Edition,"2 134,00₴","194,00₴"
New Tales from the Borderlands,"1 499,00₴","749,00₴"
Need for Speed™ Most Wanted,"699,00₴","139,00₴"
Escape,"573,00₴","395,00₴"
Kingdoms Reborn,"279,00₴","223,00₴"
Neon Abyss,"400,00₴","136,00₴"
Streets of Rage 4,"515,00₴","257,00₴"
A Plague Tale Bundle,"1 599,00₴","719,00₴"
Need for Speed™ Payback,"799,00₴","119,00₴"
SIGNALIS,"266,00₴","212,00₴"
Isonzo,"600,00₴","300,00₴"
FAITH: The Unholy Trinity,"229,00₴","171,00₴"
Sniper Elite 5 Complete Edition,"2 609,00₴","1 000,00₴"
Marvel's Midnight Suns,"1 399,00₴","559,00₴"
嗜血印 Bloody Spell,"329,00₴","82,00₴"
Need for Speed™,"799,00₴","199,00₴"
The Lucky 7 Bundle,"3 537,00₴","1 133,00₴"
Highrise City,"600,00₴","480,00₴"
Spyro™ Reignited Trilogy,"1 149,00₴","287,00₴"
The Quarry,"1 499,00₴","494,00₴"
Coral Island,"459,00₴","413,00₴"
Smalland: Survive the Wilds,"600,00₴","450,00₴"
Need for Speed™ Hot Pursuit Remastered,"799,00₴","103,00₴"
Aliens: Fireteam Elite,"599,00₴","299,00₴"
Mortal Shell,"429,00₴","51,00₴"
Kerbal Space Program,"179,00₴","44,00₴"
CrossCode,"420,00₴","168,00₴"
TMNT: Shredder's Revenge + DLC Bundle,"702,00₴","492,00₴"
Crash Bandicoot™ N. Sane Trilogy,"1 149,00₴","459,00₴"
DJMAX RESPECT V - V EXTENSION IV PACK,"525,00₴","367,00₴"
Neon Abyss Deluxe Edition,"716,00₴","264,00₴"
A Plague Tale: Innocence,"899,00₴","179,00₴"
MudRunner,"449,00₴","89,00₴"
Gas Station Simulator,"415,00₴","290,00₴"
My Time At Portia,"599,00₴","119,00₴"
Railbound,"285,00₴","199,00₴"
Sniper Ghost Warrior Contracts 2,"399,00₴","99,00₴"
Streets Of Rage 4 + Mr. X Nightmare DLC,"702,00₴","315,00₴"
Crash Bandicoot™ 4: It’s About Time,"1 239,00₴","619,00₴"
WW1 Game Series,"1 430,00₴","396,00₴"
Chillquarium,"149,00₴","119,00₴"
Need for Speed™ Rivals,"699,00₴","139,00₴"
BLACKTAIL,"599,00₴","269,00₴"
Stick Fight: The Game,"99,00₴","60,00₴"
Assassin's Creed® III Remastered,"610,00₴","152,00₴"
Deus Ex: Mankind Divided,"349,00₴","52,00₴"
Hotel Renovator,"499,00₴","349,00₴"
Sid Meier's Civilization® VI: Khmer and Indonesia Civilization & Scenario Pack,"2 134,00₴","194,00₴"
DYSMANTLE,"415,00₴","182,00₴"
Bad North: Jotunn Edition,"325,00₴","65,00₴"
Necromunda: Hired Gun,"599,00₴","179,00₴"
Outlast: Whistleblower DLC,"206,00₴","30,00₴"
COMPLETE EDITION - DJMAX RESPECT V,"15 339,00₴","3 126,00₴"
DCS: F-16C Viper,"2 183,00₴","1 091,00₴"
Dead by Daylight - Killer Expansion Pack,"399,00₴","239,00₴"
Borderlands: The Pre-Sequel,"529,00₴","132,00₴"
Sniper Elite Complete Pack,"1 656,00₴","253,00₴"
SD GUNDAM G GENERATION CROSS RAYS,"799,00₴","199,00₴"
Scorn,"569,00₴","227,00₴"
Sid Meier's Civilization® VI: Gathering Storm,"649,00₴","78,00₴"
Dead by Daylight - Resident Evil: PROJECT W Chapter,"209,00₴","146,00₴"
DCS: F/A-18C,"2 183,00₴","1 091,00₴"
Battlefleet Gothic: Armada 2,"299,00₴","74,00₴"
Generation Zero ® - Ultimate Bundle	,"1 594,00₴","732,00₴"
PULSAR: Lost Colony,"329,00₴","164,00₴"
Eternights,"669,00₴","602,00₴"
Sid Meier’s Civilization® VI: Rise and Fall,"449,00₴","76,00₴"
Sniper Elite 3,"379,00₴","49,00₴"
Little Witch Nobeta,"399,00₴","239,00₴"
Sable,"515,00₴","206,00₴"
Dead by Daylight - Survivor Expansion Pack,"399,00₴","239,00₴"
The Surge 2,"449,00₴","90,00₴"
Vampyr,"549,00₴","109,00₴"
Children of Morta,"329,00₴","82,00₴"
The Deus Ex Collection,"1 244,00₴","134,00₴"
SONG OF HORROR COMPLETE EDITION,"799,00₴","479,00₴"
Sid Meier's Civilization® VI: Persia and Macedon Civilization & Scenario Pack,"2 134,00₴","194,00₴"
This War of Mine,"415,00₴","83,00₴"
Train Sim World® 4,"925,00₴","832,00₴"
Dead by Daylight - Resident Evil Chapter,"209,00₴","146,00₴"
Killer Frequency,"515,00₴","412,00₴"
Kingdom Come: Deliverance Collection,"1 331,00₴","266,00₴"
Assassin’s Creed® Rogue,"299,00₴","89,00₴"
Out of the Park Baseball 24,"740,00₴","370,00₴"
PAYDAY 2 + Dying Light 2 Bundle,"1 124,00₴","607,00₴"
Sniper Elite V2 Remastered,"429,00₴","107,00₴"
GreedFall,"719,00₴","201,00₴"
The My Time Series,"1 148,00₴","502,00₴"
Escape Simulator: Wild West DLC,"124,00₴","111,00₴"
DELUXE EDITION - DJMAX RESPECT V,"3 150,00₴","826,00₴"
Verdun,"415,00₴","83,00₴"
Space Engineers + Hardspace: Shipbreaker Bundle,"969,00₴","602,00₴"
Chernobylite Enhanced Edition,"599,00₴","269,00₴"
Children of Morta: Complete Edition,"468,00₴","132,00₴"
Maid of Sker,"329,00₴","164,00₴"
Escape Simulator: Steampunk DLC,"124,00₴","111,00₴"
ONE PIECE World Seeker,"799,00₴","119,00₴"
Sid Meier's Civilization® VI: Australia Civilization & Scenario Pack,"2 134,00₴","194,00₴"
Dead by Daylight: Ultimate Edition,"1 097,00₴","545,00₴"
Zombie Army Trilogy,"529,00₴","79,00₴"
DJMAX RESPECT V - V EXTENSION III PACK,"525,00₴","131,00₴"
CrossCode Complete Edition,None,None
Ancestors: The Humankind Odyssey,"599,00₴","149,00₴"
Aragami 2,"429,00₴","171,00₴"
Othercide,"649,00₴","129,00₴"
Assassin's Creed Bundle,"5 608,00₴","3 706,00₴"
The Many Pieces of Mr. Coo,"229,00₴","195,00₴"
DARK SOULS™ III - The Ringed City™,"299,00₴","149,00₴"
The Room Collection,"476,00₴","220,00₴"
Tannenberg,"415,00₴","83,00₴"
One Piece Burning Blood,"450,00₴","45,00₴"
Kerbal Space Program Complete Edition,"477,00₴","154,00₴"
Witch It,"379,00₴","94,00₴"
Shooter Dual Pack - Necromunda: Hired Gun + Space Hulk: Deathwing Enhanced Edition,"1 038,00₴","239,00₴"
Afterburn Puzzle Bundle,"533,00₴","380,00₴"
Might & Magic: Clash of Heroes - Definitive Edition,"375,00₴","262,00₴"
Dying Light Series + Brecken + Rais Bundle,"1 256,00₴","725,00₴"
Sifu Deluxe Edition,"953,00₴","652,00₴"
Nightmare Tales Bundle: Song of Horror & Maid of Sker,None,None
Wobbledogs,"279,00₴","139,00₴"
Curse of the Dead Gods,"319,00₴","111,00₴"
Thief,"379,00₴","56,00₴"
Young Souls,"515,00₴","257,00₴"
Hell Let Loose Anniversary Edition,"1 854,00₴","1 126,00₴"
COLLABORATION BUNDLE - DJMAX RESPECT V,"3 357,00₴","909,00₴"
Fantasy Grounds Unity,"479,00₴","359,00₴"
Sid Meier's Civilization® VI: Nubia Civilization & Scenario Pack,"2 134,00₴","194,00₴"
Deus Ex: Human Revolution - Director's Cut,"279,00₴","41,00₴"
Mortal Shell: Digital Deluxe Edition,"528,00₴","54,00₴"
DJMAX RESPECT V - EZ2ON PACK,"421,00₴","210,00₴"
Chorus,"479,00₴","119,00₴"
Streets Of Rage 4 - Mr. X Nightmare,"187,00₴","93,00₴"
Sid Meier's Civilization® VI: Poland Civilization & Scenario Pack,"2 134,00₴","194,00₴"
SD GUNDAM BATTLE ALLIANCE,"1 299,00₴","753,00₴"
Dungeons & Dragons: Enhanced Classics Ultimate Bundle,"3 250,00₴","1 423,00₴"
Rubber Bandits: Starter Pack,None,None
Battlefleet Gothic: Armada 2 - Complete Edition,"567,00₴","176,00₴"
Zombie Army 4/ Left 4 Dead Bundle,"804,00₴","272,00₴"
Sid Meier's Civilization® VI: Vikings Scenario Pack,"2 134,00₴","194,00₴"
Dordogne,"329,00₴","246,00₴"
Moonlighter,"279,00₴","41,00₴"
Drug Dealer Simulator,"279,00₴","61,00₴"
Prodeus,"459,00₴","321,00₴"
Call of Cthulhu®,"299,00₴","74,00₴"
Dark Devotion,"415,00₴","207,00₴"
SUCCUBUS,"329,00₴","164,00₴"
DJMAX RESPECT V - V EXTENSION II PACK,"525,00₴","105,00₴"
DCS: F-14A/B Tomcat,"2 183,00₴","1 309,00₴"
DCS: Syria,"1 637,00₴","818,00₴"
Blazing Chrome,"360,00₴","180,00₴"
The Surge,"209,00₴","41,00₴"
Evil Genius 2: World Domination,"479,00₴","119,00₴"
One Piece Pirate Warriors 3,"450,00₴","67,00₴"
SUPERHOT,"349,00₴","104,00₴"
Dokapon Kingdom Connect - Neptunia Re;Birth1,"1 154,00₴","964,00₴"
Aliens: Fireteam Elite - Ultimate Edition,"1 453,00₴","620,00₴"
Gas Station DLC Pack,"676,00₴","462,00₴"
Borderlands 2: Commander Lilith & the Fight for Sanctuary,"299,00₴","98,00₴"
Warstride Challenges,"329,00₴","246,00₴"
The Room 4: Old Sins,"159,00₴","63,00₴"
Anno 1404 - History Edition,"225,00₴","67,00₴"
【豪华版】嗜血印本体+全部服装DLC,"2 548,00₴","675,00₴"
Strange Brigade,"579,00₴","57,00₴"
Melvor Idle: Throne of the Herald,"124,00₴","83,00₴"
This Land Is My Land,"600,00₴","300,00₴"
Chef Life: A Restaurant Simulator,"600,00₴","450,00₴"
Generation Zero® - Resistance Bundle,"633,00₴","148,00₴"
DCS: Flaming Cliffs 3,"1 364,00₴","545,00₴"
This War of Mine: Complete Edition,"702,00₴","102,00₴"
Escape Simulator - Collector's Edition,"697,00₴","479,00₴"
Hotel Renovator - Five Star Edition,"1 137,00₴","748,00₴"
CrossCode: A New Home,"159,00₴","63,00₴"
Bad North: Jotunn Edition Deluxe Edition,None,None
Vengeful Guardian: Moonrider,"360,00₴","252,00₴"
Sniper Ghost Warrior Contracts,"399,00₴","79,00₴"
Dead by Daylight - The Halloween® Chapter,"99,00₴","69,00₴"
Dead by Daylight - Sadako Rising Chapter,"99,00₴","69,00₴"
Sniper Elite 5: Rough Landing Mission and Weapon Pack,"325,00₴","227,00₴"
DJMAX RESPECT V - V Extension PACK,"525,00₴","105,00₴"
"Sniper Elite 5: Kraken Awakes Mission, Weapon and Skin Pack","245,00₴","171,00₴"
ONE PIECE PIRATE WARRIORS 3 Gold Edition,"630,00₴","94,00₴"
Pool Cleaning Simulator,"464,00₴","220,00₴"
Sailing Era,"515,00₴","386,00₴"
ANONYMOUS;CODE Digital Deluxe Edition,None,None
Titanfall® 2: Prime Titan Bundle,"699,00₴","349,00₴"
112 Operator,"329,00₴","65,00₴"
DJMAX RESPECT V - Muse Dash PACK,"421,00₴","84,00₴"
Grand Theft Auto V: Premium Edition & Megalodon Shark Card Bundle,"1 918,00₴","1 154,00₴"
SUPERHOT VR,"349,00₴","139,00₴"
DJMAX RESPECT V - NEXON PACK,"468,00₴","94,00₴"
Anno 2205™,"610,00₴","91,00₴"
DARK SOULS™ III - Ashes of Ariandel™,"299,00₴","149,00₴"
Dead by Daylight - Forged in Fog Chapter,"99,00₴","69,00₴"
Dead By Daylight - Silent Hill Chapter,"99,00₴","69,00₴"
Hellsplit: Arena,"329,00₴","263,00₴"
Planescape: Torment: Enhanced Edition,"415,00₴","124,00₴"
Mage of the Olekta Desert,"285,00₴","228,00₴"
Little Witch Nobeta Deluxe Edition,"1 184,00₴","714,00₴"
LEGO® 2K Drive,"1 799,00₴","1 205,00₴"
Taiji,"329,00₴","197,00₴"
911 Operator,"229,00₴","45,00₴"
Birth,"179,00₴","134,00₴"
DCS: AH-64D,"2 400,00₴","1 512,00₴"
Portal Dungeon,"325,00₴","260,00₴"
Tower! Simulator 3,"699,00₴","559,00₴"
Necromunda: Underhive Wars,"299,00₴","44,00₴"
The Moonrider & Blazing Chrome Bundle,None,None
DCS: Black Shark 3,"2 585,00₴","1 034,00₴"
DCS: Mi-24P HIND,"2 063,00₴","825,00₴"
Kerbal Space Program: Breaking Ground Expansion,"149,00₴","74,00₴"
Sniper Elite 5 : Landing Force Mission and Weapon Pack,"229,00₴","148,00₴"
Vampire: The Masquerade – Swansong,"925,00₴","508,00₴"
DCS: Persian Gulf,"1 364,00₴","545,00₴"
Dead by Daylight - Ghost Face®,"79,00₴","55,00₴"
The Beast Inside,"515,00₴","51,00₴"
Scott Pilgrim vs. The World™: The Game – Complete Edition,"489,00₴","161,00₴"
"Deck13's ""Good Old Days"" Bundle","656,00₴","188,00₴"
Kagura Bundle,"31 148,00₴","27 982,00₴"
Wonder Boy: The Dragon's Trap,"415,00₴","207,00₴"
SnowRunner - Season 10: Fix & Connect,"149,00₴","119,00₴"
Generation Zero® - Alpine Unrest,"149,00₴","59,00₴"
Chernobylite Deluxe Edition,"1 471,00₴","493,00₴"
Airport CEO,"515,00₴","257,00₴"
Kerbal Space Program: Making History Expansion,"149,00₴","74,00₴"
Muv-Luv MEGAVERSE,"6 120,00₴","2 774,00₴"
Sid Meier's Civilization®: Beyond Earth™,"529,00₴","132,00₴"
Divinity II: Developer's Cut,"279,00₴","27,00₴"
Ghost Exile,"229,00₴","153,00₴"
Divinity: Original Sin 2 - Divine Ascension,"229,00₴","91,00₴"
Farm Manager 2021,"279,00₴","100,00₴"
Sniper Elite,"149,00₴","59,00₴"
Dead by Daylight - Curtain Call Chapter,"99,00₴","49,00₴"
Battlefleet Gothic: Armada 2 - Chaos Campaign Expansion,"149,00₴","74,00₴"
Shady Part of Me,"249,00₴","49,00₴"
Airport CEO,"515,00₴","257,00₴"
Gas Station with Car for Sale,"614,00₴","440,00₴"
Megaquarium,"515,00₴","257,00₴"
Rayman® Origins,"150,00₴","45,00₴"
LEGACY BUNDLE - DJMAX RESPECT V,"3 918,00₴","668,00₴"
SnowRunner - The Mastodon,"79,00₴","63,00₴"
The Surge 1 & 2 - Dual Pack,"658,00₴","115,00₴"
DYSMANTLE: Doomsday,"206,00₴","164,00₴"
King Of The Castle,"310,00₴","248,00₴"
Valiant Hearts: The Great War™ / Soldats Inconnus : Mémoires de la Grande Guerre™,"225,00₴","56,00₴"
Slime Rancher: Deluxe Edition,"746,00₴","284,00₴"
RollerCoaster Tycoon® Classic,"99,00₴","39,00₴"
I Expect You To Die Bundle,"658,00₴","268,00₴"
Dead by Daylight - Portrait of a Murder Chapter,"99,00₴","49,00₴"
No Code Developer,"740,00₴","138,00₴"
SUPERHOT: MIND CONTROL DELETE,"349,00₴","139,00₴"
The Room Three,"119,00₴","61,00₴"
Deus Ex: Mankind Divided - Digital Deluxe Edition,"538,00₴","80,00₴"
My Time at Portia Digital Deluxe Edition,"1 014,00₴","377,00₴"
Generation Zero® - FNIX Rising,"149,00₴","59,00₴"
First Class Trouble,"215,00₴","53,00₴"
DJMAX RESPECT V - Deemo Pack,"351,00₴","70,00₴"
Train Valley 2,"229,00₴","80,00₴"
Dead by Daylight - The Saw® Chapter,"99,00₴","49,00₴"
DJMAX RESPECT V - TECHNIKA TUNE & Q Pack,"468,00₴","94,00₴"
Aliens: Fireteam Elite - Pathogen Expansion,"209,00₴","137,00₴"
Dead by Daylight - Roots of Dread Chapter,"99,00₴","49,00₴"
The Room,"99,00₴","60,00₴"
"Sniper Elite 5: Conqueror Mission, Weapon and Skin Pack","225,00₴","146,00₴"
Anno Franchise,"2 358,00₴","1 433,00₴"
Dead by Daylight - Tools of Torment Chapter,"209,00₴","146,00₴"
DJMAX RESPECT V - TECHNIKA 3 PACK,"525,00₴","105,00₴"
Fishing Planet: Mighty Carp Tournament Pack,"249,00₴","174,00₴"
The Room VR: A Dark Matter,"379,00₴","189,00₴"
Assassin's Creed® Valhalla - Dawn of Ragnarök,"610,00₴","244,00₴"
TMNT: Shredder's Revenge + DLC + OST Bundle,"1 042,00₴","798,00₴"
Divinity Anthology,"379,00₴","37,00₴"
Lunistice,"99,00₴","79,00₴"
Neon Abyss - Chrono Trap,"85,00₴","42,00₴"
DJMAX RESPECT V - Cytus Pack,"351,00₴","70,00₴"
Insurgency: Sandstorm - Year 1+2 Bundle,"1 243,00₴","534,00₴"
ACE COMBAT™ 7: SKIES UNKNOWN - TOP GUN: Maverick Aircraft Set -,"319,00₴","159,00₴"
Sid Meier's Civilization IV: Colonization,"329,00₴","65,00₴"
Witchy Life Story,"415,00₴","290,00₴"
Venetica - Gold Edition,"169,00₴","54,00₴"
Deus Ex: Game of the Year Edition,"129,00₴","19,00₴"
Neon Abyss - Alter Ego,"85,00₴","42,00₴"
RollerCoaster Tycoon® 2: Triple Thrill Pack,"169,00₴","67,00₴"
Multiplayer Party Pack,"1 016,00₴","671,00₴"
Age of Darkness: Final Stand,"329,00₴","220,00₴"
Generation Zero® - Motorbikes Pack,"129,00₴","86,00₴"
Bad North: Jotunn Edition Deluxe Edition Upgrade,"163,00₴","32,00₴"
Titanfall® 2: Colony Reborn Bundle,"749,00₴","374,00₴"
Dead by Daylight - Spark of Madness Chapter,"99,00₴","49,00₴"
Battlefleet Gothic: Armada,"209,00₴","41,00₴"
Slime Rancher: Secret Style Pack,"149,00₴","89,00₴"
Homebody,"415,00₴","207,00₴"
911 Operator - Complete Edition,"576,00₴","90,00₴"
Nyaruru Fishy Fight,"149,00₴","119,00₴"
Dead by Daylight - Hellraiser Chapter,"79,00₴","55,00₴"
Dead by Daylight - Resident Evil: Collaboration Bundle,"717,00₴","401,00₴"
Titanfall® 2: Monarch's Reign Bundle,"749,00₴","374,00₴"
GRANDIA HD Remaster,"279,00₴","139,00₴"
Children of Silentown,"399,00₴","199,00₴"
Kingdom Come: Deliverance – A Woman's Lot,"149,00₴","59,00₴"
DCS: AV-8B Night Attack V/STOL,"1 910,00₴","955,00₴"
Shantae: Half-Genie Hero Ultimate Edition,"379,00₴","189,00₴"
Dead by Daylight - Leatherface™,"79,00₴","39,00₴"
Oblivion Override,"375,00₴","300,00₴"
DJMAX RESPECT V - BLACK SQUARE PACK,"468,00₴","94,00₴"
Aliens: Dark Descent - Lethe Recon Pack,"79,00₴","59,00₴"
The Room Two,"99,00₴","60,00₴"
Tom Clancy's Splinter Cell Conviction™ Deluxe Edition,"225,00₴","56,00₴"
Aragami,"279,00₴","69,00₴"
DELUXE PLUS EDITION - DJMAX RESPECT V,"4 320,00₴","1 089,00₴"
DJMAX RESPECT V - Portable 3 PACK,"468,00₴","94,00₴"
Sniper Elite 5: Target Führer - Wolf Mountain,"129,00₴","83,00₴"
Titanfall® 2: Angel City's Most Wanted Bundle,"749,00₴","374,00₴"
Muv-Luv Alternative (マブラヴ オルタネイティヴ),"960,00₴","480,00₴"
SUPERHOT ONE OF US BUNDLE,"698,00₴","207,00₴"
BLACKTAIL - Game + OST Bundle,None,None
I Expect You To Die 2: The Spy and the Liar,"329,00₴","223,00₴"
Obscure II (Obscure: The Aftermath),"169,00₴","67,00₴"
Gas Station Simulator - Airstrip DLC,"187,00₴","149,00₴"
DJMAX RESPECT V - GROOVE COASTER PACK,"351,00₴","70,00₴"
LEGO® Brawls,"290,00₴","72,00₴"
Monster Energy Supercross - The Official Videogame 6,"999,00₴","499,00₴"
Hatred,"119,00₴","61,00₴"
Dead by Daylight - Darkness Among Us Chapter,"99,00₴","49,00₴"
Muv-Luv (マブラヴ),"720,00₴","288,00₴"
Quest Hunter,"415,00₴","83,00₴"
